Column1,Id,Time,Total_Sleep_Records,Total_Minutes_Asleep,Total_Time_In_Bed,ActivityDate,Day_of_Week,Total_Steps,Total_Distance_Miles,Tracker_Distance_Miles,Logged_Activities_Distance,Very_Active_Distance,Moderately_Active_Distance,Light_Active_Distance,Sedentary_Active_Distance,Very_Active_Minutes,Fairly_Active_Minutes,Lightly_Active_Minutes,Sedentary_Minutes,Calories
1,1503960366,12:00:00 AM,1,327,346,4/12/2016,Tuesday,13162,8.5,8.5,0,1.879999995,0.550000012,6.059999943,0,25,13,328,728,1985
2,1503960366,12:00:00 AM,1,327,346,4/13/2016,Wednesday,10735,6.96999979,6.96999979,0,1.570000052,0.689999998,4.710000038,0,21,19,217,776,1797
3,1503960366,12:00:00 AM,1,327,346,4/14/2016,Thursday,10460,6.739999771,6.739999771,0,2.440000057,0.400000006,3.910000086,0,30,11,181,1218,1776
4,1503960366,12:00:00 AM,1,327,346,4/15/2016,Friday,9762,6.28000021,6.28000021,0,2.140000105,1.25999999,2.829999924,0,29,34,209,726,1745
5,1503960366,12:00:00 AM,1,327,346,4/16/2016,Saturday,12669,8.159999847,8.159999847,0,2.710000038,0.409999996,5.039999962,0,36,10,221,773,1863
6,1503960366,12:00:00 AM,1,327,346,4/17/2016,Sunday,9705,6.480000019,6.480000019,0,3.190000057,0.779999971,2.50999999,0,38,20,164,539,1728
7,1503960366,12:00:00 AM,1,327,346,4/18/2016,Monday,13019,8.590000153,8.590000153,0,3.25,0.639999986,4.710000038,0,42,16,233,1149,1921
8,1503960366,12:00:00 AM,1,327,346,4/19/2016,Tuesday,15506,9.880000114,9.880000114,0,3.529999971,1.320000052,5.03000021,0,50,31,264,775,2035
9,1503960366,12:00:00 AM,1,327,346,4/20/2016,Wednesday,10544,6.679999828,6.679999828,0,1.960000038,0.479999989,4.239999771,0,28,12,205,818,1786
10,1503960366,12:00:00 AM,1,327,346,4/21/2016,Thursday,9819,6.340000153,6.340000153,0,1.340000033,0.349999994,4.650000095,0,19,8,211,838,1775
11,1503960366,12:00:00 AM,1,327,346,4/22/2016,Friday,12764,8.130000114,8.130000114,0,4.760000229,1.120000005,2.24000001,0,66,27,130,1217,1827
12,1503960366,12:00:00 AM,1,327,346,4/23/2016,Saturday,14371,9.039999962,9.039999962,0,2.809999943,0.870000005,5.360000134,0,41,21,262,732,1949
13,1503960366,12:00:00 AM,1,327,346,4/24/2016,Sunday,10039,6.409999847,6.409999847,0,2.920000076,0.209999993,3.279999971,0,39,5,238,709,1788
14,1503960366,12:00:00 AM,1,327,346,4/25/2016,Monday,15355,9.800000191,9.800000191,0,5.289999962,0.569999993,3.940000057,0,73,14,216,814,2013
15,1503960366,12:00:00 AM,1,327,346,4/26/2016,Tuesday,13755,8.789999962,8.789999962,0,2.329999924,0.920000017,5.539999962,0,31,23,279,833,1970
16,1503960366,12:00:00 AM,1,327,346,4/27/2016,Wednesday,18134,12.21000004,12.21000004,0,6.400000095,0.409999996,5.409999847,0,78,11,243,1108,2159
17,1503960366,12:00:00 AM,1,327,346,4/28/2016,Thursday,13154,8.529999733,8.529999733,0,3.539999962,1.159999967,3.789999962,0,48,28,189,782,1898
18,1503960366,12:00:00 AM,1,327,346,4/29/2016,Friday,11181,7.150000095,7.150000095,0,1.059999943,0.5,5.579999924,0,16,12,243,815,1837
19,1503960366,12:00:00 AM,1,327,346,4/30/2016,Saturday,14673,9.25,9.25,0,3.559999943,1.419999957,4.269999981,0,52,34,217,712,1947
20,1503960366,12:00:00 AM,1,327,346,5/1/2016,Sunday,10602,6.809999943,6.809999943,0,2.289999962,1.600000024,2.920000076,0,33,35,246,730,1820
21,1503960366,12:00:00 AM,1,327,346,5/2/2016,Monday,14727,9.710000038,9.710000038,0,3.210000038,0.569999993,5.920000076,0,41,15,277,798,2004
22,1503960366,12:00:00 AM,1,327,346,5/3/2016,Tuesday,15103,9.659999847,9.659999847,0,3.730000019,1.049999952,4.880000114,0,50,24,254,816,1990
24,1503960366,12:00:00 AM,1,327,346,5/5/2016,Thursday,14070,8.899999619,8.899999619,0,2.920000076,1.080000043,4.880000114,0,45,24,250,857,1959
25,1503960366,12:00:00 AM,1,327,346,5/6/2016,Friday,12159,8.029999733,8.029999733,0,1.970000029,0.25,5.809999943,0,24,6,289,754,1896
26,1503960366,12:00:00 AM,1,327,346,5/7/2016,Saturday,11992,7.710000038,7.710000038,0,2.460000038,2.119999886,3.130000114,0,37,46,175,833,1821
27,1503960366,12:00:00 AM,1,327,346,5/8/2016,Sunday,10060,6.579999924,6.579999924,0,3.529999971,0.319999993,2.730000019,0,44,8,203,574,1740
28,1503960366,12:00:00 AM,1,327,346,5/9/2016,Monday,12022,7.71999979,7.71999979,0,3.450000048,0.529999971,3.74000001,0,46,11,206,835,1819
29,1503960366,12:00:00 AM,1,327,346,5/10/2016,Tuesday,12207,7.769999981,7.769999981,0,3.349999905,1.159999967,3.25999999,0,46,31,214,746,1859
31,1503960366,12:00:00 AM,1,327,346,5/12/2016,Thursday,0,0,0,0,0,0,0,0,0,0,0,1440,0
777,1644430081,12:00:00 AM,1,119,127,4/13/2016,Wednesday,8001,5.820000172,5.820000172,0,2.279999971,0.899999976,2.640000105,0,30,16,135,1259,2902
778,1644430081,12:00:00 AM,1,119,127,4/14/2016,Thursday,11037,8.020000458,8.020000458,0,0.360000014,2.559999943,5.099999905,0,5,58,252,1125,3226
779,1644430081,12:00:00 AM,1,119,127,4/15/2016,Friday,5263,3.829999924,3.829999924,0,0.219999999,0.150000006,3.450000048,0,3,4,170,1263,2750
780,1644430081,12:00:00 AM,1,119,127,4/16/2016,Saturday,15300,11.11999989,11.11999989,0,4.099999905,1.879999995,5.090000153,0,51,42,212,1135,3493
781,1644430081,12:00:00 AM,1,119,127,4/17/2016,Sunday,8757,6.369999886,6.369999886,0,2.25,0.569999993,3.549999952,0,29,13,186,1212,3011
782,1644430081,12:00:00 AM,1,119,127,4/18/2016,Monday,7132,5.190000057,5.190000057,0,1.070000052,1.669999957,2.450000048,0,15,33,121,1271,2806
783,1644430081,12:00:00 AM,1,119,127,4/19/2016,Tuesday,11256,8.180000305,8.180000305,0,0.360000014,2.529999971,5.300000191,0,5,58,278,1099,3300
784,1644430081,12:00:00 AM,1,119,127,4/20/2016,Wednesday,2436,1.769999981,1.769999981,0,0,0,1.75999999,0,0,0,125,1315,2430
785,1644430081,12:00:00 AM,1,119,127,4/21/2016,Thursday,1223,0.889999986,0.889999986,0,0,0,0.879999995,0,0,0,38,1402,2140
786,1644430081,12:00:00 AM,1,119,127,4/22/2016,Friday,3673,2.670000076,2.670000076,0,0,0,2.660000086,0,0,0,86,1354,2344
787,1644430081,12:00:00 AM,1,119,127,4/23/2016,Saturday,6637,4.829999924,4.829999924,0,0,0.579999983,4.25,0,0,15,160,1265,2677
788,1644430081,12:00:00 AM,1,119,127,4/24/2016,Sunday,3321,2.410000086,2.410000086,0,0,0,2.410000086,0,0,0,89,1351,2413
789,1644430081,12:00:00 AM,1,119,127,4/25/2016,Monday,3580,2.599999905,2.599999905,0,0.589999974,0.059999999,1.950000048,0,8,1,94,1337,2497
790,1644430081,12:00:00 AM,1,119,127,4/26/2016,Tuesday,9919,7.210000038,7.210000038,0,0.800000012,1.720000029,4.690000057,0,11,41,223,1165,3123
791,1644430081,12:00:00 AM,1,119,127,4/27/2016,Wednesday,3032,2.200000048,2.200000048,0,0,0,2.200000048,0,0,0,118,1322,2489
792,1644430081,12:00:00 AM,1,119,127,4/28/2016,Thursday,9405,6.840000153,6.840000153,0,0.200000003,2.319999933,4.309999943,0,3,53,227,1157,3108
793,1644430081,12:00:00 AM,1,119,127,4/29/2016,Friday,3176,2.309999943,2.309999943,0,0,0,2.309999943,0,0,0,120,1193,2498
794,1644430081,12:00:00 AM,1,119,127,4/30/2016,Saturday,18213,13.23999977,13.23999977,0,0.629999995,3.140000105,9.460000038,0,9,71,402,816,3846
795,1644430081,12:00:00 AM,1,119,127,5/1/2016,Sunday,6132,4.460000038,4.460000038,0,0.239999995,0.99000001,3.230000019,0,3,24,146,908,2696
796,1644430081,12:00:00 AM,1,119,127,5/2/2016,Monday,3758,2.730000019,2.730000019,0,0.07,0.310000002,2.349999905,0,1,7,148,682,2580
797,1644430081,12:00:00 AM,1,119,127,5/3/2016,Tuesday,12850,9.340000153,9.340000153,0,0.720000029,4.090000153,4.539999962,0,10,94,221,1115,3324
798,1644430081,12:00:00 AM,1,119,127,5/4/2016,Wednesday,2309,1.679999948,1.679999948,0,0,0,1.659999967,0,0,0,52,1388,2222
799,1644430081,12:00:00 AM,1,119,127,5/5/2016,Thursday,4363,3.190000057,3.190000057,0,0.519999981,0.540000021,2.130000114,0,6,12,81,1341,2463
800,1644430081,12:00:00 AM,1,119,127,5/6/2016,Friday,9787,7.119999886,7.119999886,0,0.819999993,0.270000011,6.010000229,0,11,6,369,1054,3328
801,1644430081,12:00:00 AM,1,119,127,5/7/2016,Saturday,13372,9.720000267,9.720000267,0,3.25999999,0.790000021,5.670000076,0,41,17,243,1139,3404
802,1644430081,12:00:00 AM,1,119,127,5/8/2016,Sunday,6724,4.889999866,4.889999866,0,0,0,4.880000114,0,0,0,295,991,2987
804,1644430081,12:00:00 AM,1,119,127,5/10/2016,Tuesday,9167,6.659999847,6.659999847,0,0.879999995,0.810000002,4.96999979,0,12,19,155,1254,2799
805,1644430081,12:00:00 AM,1,119,127,5/11/2016,Wednesday,1329,0.970000029,0.970000029,0,0,0,0.949999988,0,0,0,49,713,1276
896,1844505072,12:00:00 AM,1,644,961,4/12/2016,Tuesday,6697,4.429999828,4.429999828,0,0,0,4.429999828,0,0,0,339,1101,2030
897,1844505072,12:00:00 AM,1,644,961,4/13/2016,Wednesday,4929,3.25999999,3.25999999,0,0,0,3.25999999,0,0,0,248,1192,1860
898,1844505072,12:00:00 AM,1,644,961,4/14/2016,Thursday,7937,5.25,5.25,0,0,0,5.230000019,0,0,0,373,843,2130
899,1844505072,12:00:00 AM,1,644,961,4/15/2016,Friday,3844,2.539999962,2.539999962,0,0,0,2.539999962,0,0,0,176,527,1725
900,1844505072,12:00:00 AM,1,644,961,4/16/2016,Saturday,3414,2.25999999,2.25999999,0,0,0,2.25999999,0,0,0,147,1293,1657
901,1844505072,12:00:00 AM,1,644,961,4/17/2016,Sunday,4525,2.99000001,2.99000001,0,0.140000001,0.25999999,2.589999914,0,2,8,199,1231,1793
902,1844505072,12:00:00 AM,1,644,961,4/18/2016,Monday,4597,3.039999962,3.039999962,0,0,0.479999989,2.559999943,0,0,12,217,1211,1814
903,1844505072,12:00:00 AM,1,644,961,4/19/2016,Tuesday,197,0.129999995,0.129999995,0,0,0,0.129999995,0,0,0,10,1430,1366
904,1844505072,12:00:00 AM,1,644,961,4/20/2016,Wednesday,8,0.01,0.01,0,0,0,0.01,0,0,0,1,1439,1349
905,1844505072,12:00:00 AM,1,644,961,4/21/2016,Thursday,8054,5.320000172,5.320000172,0,0.119999997,0.519999981,4.679999828,0,2,13,308,1117,2062
906,1844505072,12:00:00 AM,1,644,961,4/22/2016,Friday,5372,3.549999952,3.549999952,0,0,0,3.549999952,0,0,0,220,1220,1827
907,1844505072,12:00:00 AM,1,644,961,4/23/2016,Saturday,3570,2.359999895,2.359999895,0,0,0,2.359999895,0,0,0,139,1301,1645
912,1844505072,12:00:00 AM,1,644,961,4/28/2016,Thursday,6907,4.570000172,4.570000172,0,0,0,4.559999943,0,0,0,302,1138,1992
913,1844505072,12:00:00 AM,1,644,961,4/29/2016,Friday,4920,3.25,3.25,0,0,0,3.25,0,0,0,247,1082,1856
915,1844505072,12:00:00 AM,1,644,961,5/1/2016,Sunday,2573,1.700000048,1.700000048,0,0,0.25999999,1.450000048,0,0,7,75,585,1541
917,1844505072,12:00:00 AM,1,644,961,5/3/2016,Tuesday,4059,2.680000067,2.680000067,0,0,0,2.680000067,0,0,0,184,1256,1742
918,1844505072,12:00:00 AM,1,644,961,5/4/2016,Wednesday,2080,1.370000005,1.370000005,0,0,0,1.370000005,0,0,0,87,1353,1549
919,1844505072,12:00:00 AM,1,644,961,5/5/2016,Thursday,2237,1.480000019,1.480000019,0,0,0,1.480000019,0,0,0,120,1320,1589
920,1844505072,12:00:00 AM,1,644,961,5/6/2016,Friday,44,0.029999999,0.029999999,0,0,0,0.029999999,0,0,0,2,1438,1351
989,1927972279,12:00:00 AM,3,750,775,4/12/2016,Tuesday,678,0.469999999,0.469999999,0,0,0,0.469999999,0,0,0,55,734,2220
990,1927972279,12:00:00 AM,3,750,775,4/13/2016,Wednesday,356,0.25,0.25,0,0,0,0.25,0,0,0,32,986,2151
991,1927972279,12:00:00 AM,3,750,775,4/14/2016,Thursday,2163,1.5,1.5,0,0,0.400000006,1.100000024,0,0,9,88,1292,2383
992,1927972279,12:00:00 AM,3,750,775,4/15/2016,Friday,980,0.680000007,0.680000007,0,0,0,0.680000007,0,0,0,51,941,2221
995,1927972279,12:00:00 AM,3,750,775,4/18/2016,Monday,244,0.170000002,0.170000002,0,0,0,0.170000002,0,0,0,17,1423,2111
999,1927972279,12:00:00 AM,3,750,775,4/22/2016,Friday,149,0.100000001,0.100000001,0,0,0,0.100000001,0,0,0,10,1430,2093
1000,1927972279,12:00:00 AM,3,750,775,4/23/2016,Saturday,2945,2.039999962,2.039999962,0,0,0,2.039999962,0,0,0,145,1295,2499
1001,1927972279,12:00:00 AM,3,750,775,4/24/2016,Sunday,2090,1.450000048,1.450000048,0,0.07,0.239999995,1.139999986,0,1,6,75,1358,2324
1002,1927972279,12:00:00 AM,3,750,775,4/25/2016,Monday,152,0.109999999,0.109999999,0,0,0,0.109999999,0,0,0,12,1303,2100
1005,1927972279,12:00:00 AM,3,750,775,4/28/2016,Thursday,1675,1.159999967,1.159999967,0,0,0,1.159999967,0,0,0,95,1167,2351
1008,1927972279,12:00:00 AM,3,750,775,5/1/2016,Sunday,2704,1.870000005,1.870000005,0,1.00999999,0.029999999,0.829999983,0,14,1,70,1355,2411
1009,1927972279,12:00:00 AM,3,750,775,5/2/2016,Monday,3790,2.619999886,2.619999886,0,1.159999967,0.300000012,1.159999967,0,16,8,94,1322,2505
1010,1927972279,12:00:00 AM,3,750,775,5/3/2016,Tuesday,1326,0.920000017,0.920000017,0,0.730000019,0,0.180000007,0,10,0,17,1413,2195
1011,1927972279,12:00:00 AM,3,750,775,5/4/2016,Wednesday,1786,1.24000001,1.24000001,0,0,0,1.24000001,0,0,0,87,1353,2338
1014,1927972279,12:00:00 AM,3,750,775,5/7/2016,Saturday,1510,1.039999962,1.039999962,0,0,0,1.039999962,0,0,0,48,1392,2229
1144,2026352035,12:00:00 AM,1,503,546,4/12/2016,Tuesday,4414,2.74000001,2.74000001,0,0.189999998,0.349999994,2.200000048,0,3,8,181,706,1459
1145,2026352035,12:00:00 AM,1,503,546,4/13/2016,Wednesday,4993,3.099999905,3.099999905,0,0,0,3.099999905,0,0,0,238,663,1521
1146,2026352035,12:00:00 AM,1,503,546,4/14/2016,Thursday,3335,2.069999933,2.069999933,0,0,0,2.049999952,0,0,0,197,653,1431
1147,2026352035,12:00:00 AM,1,503,546,4/15/2016,Friday,3821,2.369999886,2.369999886,0,0,0,2.369999886,0,0,0,188,687,1444
1148,2026352035,12:00:00 AM,1,503,546,4/16/2016,Saturday,2547,1.580000043,1.580000043,0,0,0,1.580000043,0,0,0,150,728,1373
1149,2026352035,12:00:00 AM,1,503,546,4/17/2016,Sunday,838,0.519999981,0.519999981,0,0,0,0.519999981,0,0,0,60,1053,1214
1150,2026352035,12:00:00 AM,1,503,546,4/18/2016,Monday,3325,2.059999943,2.059999943,0,0,0,2.059999943,0,0,0,182,1062,1419
1152,2026352035,12:00:00 AM,1,503,546,4/20/2016,Wednesday,7222,4.480000019,4.480000019,0,0,0,4.480000019,0,0,0,327,623,1667
1153,2026352035,12:00:00 AM,1,503,546,4/21/2016,Thursday,2467,1.529999971,1.529999971,0,0,0,1.529999971,0,0,0,153,749,1370
1154,2026352035,12:00:00 AM,1,503,546,4/22/2016,Friday,2915,1.809999943,1.809999943,0,0,0,1.809999943,0,0,0,162,712,1399
1156,2026352035,12:00:00 AM,1,503,546,4/24/2016,Sunday,3490,2.160000086,2.160000086,0,0,0,2.160000086,0,0,0,164,704,1401
1157,2026352035,12:00:00 AM,1,503,546,4/25/2016,Monday,6017,3.730000019,3.730000019,0,0,0,3.730000019,0,0,0,260,821,1576
1158,2026352035,12:00:00 AM,1,503,546,4/26/2016,Tuesday,5933,3.680000067,3.680000067,0,0,0,3.680000067,0,0,0,288,1018,1595
1159,2026352035,12:00:00 AM,1,503,546,4/27/2016,Wednesday,6088,3.769999981,3.769999981,0,0,0,3.769999981,0,0,0,286,586,1593
1160,2026352035,12:00:00 AM,1,503,546,4/28/2016,Thursday,6375,3.950000048,3.950000048,0,0,0,3.950000048,0,0,0,331,626,1649
1161,2026352035,12:00:00 AM,1,503,546,4/29/2016,Friday,7604,4.710000038,4.710000038,0,0,0,4.710000038,0,0,0,352,492,1692
1162,2026352035,12:00:00 AM,1,503,546,4/30/2016,Saturday,4729,2.930000067,2.930000067,0,0,0,2.930000067,0,0,0,233,594,1506
1163,2026352035,12:00:00 AM,1,503,546,5/1/2016,Sunday,3609,2.279999971,2.279999971,0,0,0,2.279999971,0,0,0,191,716,1447
1164,2026352035,12:00:00 AM,1,503,546,5/2/2016,Monday,7018,4.349999905,4.349999905,0,0,0,4.349999905,0,0,0,355,716,1690
1165,2026352035,12:00:00 AM,1,503,546,5/3/2016,Tuesday,5992,3.720000029,3.720000029,0,0,0,3.720000029,0,0,0,304,981,1604
1166,2026352035,12:00:00 AM,1,503,546,5/4/2016,Wednesday,6564,4.070000172,4.070000172,0,0,0,4.070000172,0,0,0,345,530,1658
1167,2026352035,12:00:00 AM,1,503,546,5/5/2016,Thursday,12167,7.539999962,7.539999962,0,0,0,7.539999962,0,0,0,475,479,1926
1168,2026352035,12:00:00 AM,1,503,546,5/6/2016,Friday,8198,5.079999924,5.079999924,0,0,0,5.079999924,0,0,0,383,511,1736
1170,2026352035,12:00:00 AM,1,503,546,5/8/2016,Sunday,5528,3.450000048,3.450000048,0,0,0,3.450000048,0,0,0,258,610,1555
1171,2026352035,12:00:00 AM,1,503,546,5/9/2016,Monday,10685,6.619999886,6.619999886,0,0,0,6.599999905,0,0,0,401,543,1869
1172,2026352035,12:00:00 AM,1,503,546,5/10/2016,Tuesday,254,0.159999996,0.159999996,0,0,0,0.159999996,0,0,0,17,1002,1141
1174,2026352035,12:00:00 AM,1,503,546,5/12/2016,Thursday,8891,5.510000229,5.510000229,0,0,0,5.510000229,0,0,0,343,330,1364
2012,2320127002,12:00:00 AM,1,61,69,4/12/2016,Tuesday,10725,7.489999771,7.489999771,0,1.169999957,0.310000002,6.010000229,0,13,9,306,1112,2124
2013,2320127002,12:00:00 AM,1,61,69,4/13/2016,Wednesday,7275,4.900000095,4.900000095,0,0,0,4.900000095,0,0,0,335,1105,2003
2015,2320127002,12:00:00 AM,1,61,69,4/15/2016,Friday,5205,3.50999999,3.50999999,0,0,0,3.50999999,0,0,0,245,1195,1801
2016,2320127002,12:00:00 AM,1,61,69,4/16/2016,Saturday,5057,3.410000086,3.410000086,0,0,0,3.400000095,0,0,0,195,1245,1724
2017,2320127002,12:00:00 AM,1,61,69,4/17/2016,Sunday,6198,4.179999828,4.179999828,0,0,0,4.179999828,0,0,0,249,1191,1852
2018,2320127002,12:00:00 AM,1,61,69,4/18/2016,Monday,6559,4.420000076,4.420000076,0,0,0.25999999,4.139999866,0,0,7,260,1173,1905
2019,2320127002,12:00:00 AM,1,61,69,4/19/2016,Tuesday,5997,4.039999962,4.039999962,0,0,0.379999995,3.660000086,0,0,11,228,1201,1811
2020,2320127002,12:00:00 AM,1,61,69,4/20/2016,Wednesday,7192,4.849999905,4.849999905,0,0,0.49000001,4.340000153,0,0,11,283,1146,1922
2021,2320127002,12:00:00 AM,1,61,69,4/21/2016,Thursday,3404,2.289999962,2.289999962,0,0.059999999,0.419999987,1.809999943,0,1,10,127,1302,1610
2022,2320127002,12:00:00 AM,1,61,69,4/22/2016,Friday,5583,3.75999999,3.75999999,0,0,0,3.75999999,0,0,0,266,1174,1851
2023,2320127002,12:00:00 AM,1,61,69,4/23/2016,Saturday,5079,3.420000076,3.420000076,0,0,0,3.420000076,0,0,0,242,1129,1804
2024,2320127002,12:00:00 AM,1,61,69,4/24/2016,Sunday,4165,2.809999943,2.809999943,0,0,0,2.799999952,0,0,0,204,1236,1725
2025,2320127002,12:00:00 AM,1,61,69,4/25/2016,Monday,3588,2.420000076,2.420000076,0,0.230000004,0.200000003,1.99000001,0,3,5,152,1280,1654
2026,2320127002,12:00:00 AM,1,61,69,4/26/2016,Tuesday,3409,2.299999952,2.299999952,0,0,0,2.299999952,0,0,0,147,1293,1632
2028,2320127002,12:00:00 AM,1,61,69,4/28/2016,Thursday,1532,1.029999971,1.029999971,0,0,0,1.029999971,0,0,0,76,1364,1473
2029,2320127002,12:00:00 AM,1,61,69,4/29/2016,Friday,924,0.620000005,0.620000005,0,0,0,0.620000005,0,0,0,45,1395,1410
2030,2320127002,12:00:00 AM,1,61,69,4/30/2016,Saturday,4571,3.079999924,3.079999924,0,0,0,3.069999933,0,0,0,234,1206,1779
2032,2320127002,12:00:00 AM,1,61,69,5/2/2016,Monday,3634,2.450000048,2.450000048,0,0.360000014,0.209999993,1.879999995,0,5,6,123,1306,1613
2033,2320127002,12:00:00 AM,1,61,69,5/3/2016,Tuesday,7443,5.019999981,5.019999981,0,1.49000001,0.370000005,3.160000086,0,20,10,206,1204,1878
2034,2320127002,12:00:00 AM,1,61,69,5/4/2016,Wednesday,1201,0.810000002,0.810000002,0,0,0,0.810000002,0,0,0,52,1388,1426
2036,2320127002,12:00:00 AM,1,61,69,5/6/2016,Friday,4878,3.289999962,3.289999962,0,0,0,3.289999962,0,0,0,204,1236,1742
2037,2320127002,12:00:00 AM,1,61,69,5/7/2016,Saturday,7379,4.96999979,4.96999979,0,0,0,4.96999979,0,0,0,319,1121,1972
2038,2320127002,12:00:00 AM,1,61,69,5/8/2016,Sunday,5161,3.480000019,3.480000019,0,0,0,3.470000029,0,0,0,247,1193,1821
2039,2320127002,12:00:00 AM,1,61,69,5/9/2016,Monday,3090,2.079999924,2.079999924,0,0,0,2.079999924,0,0,0,145,1295,1630
2040,2320127002,12:00:00 AM,1,61,69,5/10/2016,Tuesday,6227,4.199999809,4.199999809,0,0,0,4.199999809,0,0,0,290,1150,1899
2041,2320127002,12:00:00 AM,1,61,69,5/11/2016,Wednesday,6424,4.329999924,4.329999924,0,0,0,4.329999924,0,0,0,300,1140,1903
2042,2320127002,12:00:00 AM,1,61,69,5/12/2016,Thursday,2661,1.789999962,1.789999962,0,0,0,1.789999962,0,0,0,128,830,1125
2043,2347167796,12:00:00 AM,1,467,531,4/12/2016,Tuesday,10113,6.829999924,6.829999924,0,2,0.620000005,4.199999809,0,28,13,320,964,2344
2044,2347167796,12:00:00 AM,1,467,531,4/13/2016,Wednesday,10352,7.010000229,7.010000229,0,1.659999967,1.940000057,3.410000086,0,19,32,195,676,2038
2045,2347167796,12:00:00 AM,1,467,531,4/14/2016,Thursday,10129,6.699999809,6.699999809,0,0.02,2.74000001,3.940000057,0,1,48,206,705,2010
2046,2347167796,12:00:00 AM,1,467,531,4/15/2016,Friday,10465,6.920000076,6.920000076,0,0.07,1.419999957,5.429999828,0,1,24,284,720,2133
2047,2347167796,12:00:00 AM,1,467,531,4/16/2016,Saturday,22244,15.07999992,15.07999992,0,5.449999809,4.099999905,5.53000021,0,66,72,268,968,2670
2048,2347167796,12:00:00 AM,1,467,531,4/17/2016,Sunday,5472,3.619999886,3.619999886,0,0.079999998,0.280000001,3.25999999,0,1,7,249,508,1882
2049,2347167796,12:00:00 AM,1,467,531,4/18/2016,Monday,8247,5.449999809,5.449999809,0,0.790000021,0.860000014,3.789999962,0,11,16,206,678,1944
2050,2347167796,12:00:00 AM,1,467,531,4/19/2016,Tuesday,6711,4.440000057,4.440000057,0,0,0,4.440000057,0,0,7,382,648,2346
2051,2347167796,12:00:00 AM,1,467,531,4/20/2016,Wednesday,10999,7.269999981,7.269999981,0,0.680000007,1.809999943,4.78000021,0,11,43,269,1011,2198
2052,2347167796,12:00:00 AM,1,467,531,4/21/2016,Thursday,10080,6.75,6.75,0,1.850000024,1.529999971,3.380000114,0,23,26,208,761,2048
2053,2347167796,12:00:00 AM,1,467,531,4/22/2016,Friday,7804,5.159999847,5.159999847,0,0.560000002,1.679999948,2.920000076,0,9,27,206,781,1946
2054,2347167796,12:00:00 AM,1,467,531,4/23/2016,Saturday,16901,11.36999989,11.36999989,0,2.779999971,1.450000048,7.150000095,0,32,35,360,591,2629
2055,2347167796,12:00:00 AM,1,467,531,4/24/2016,Sunday,9471,6.260000229,6.260000229,0,0,0,6.260000229,0,0,0,360,584,2187
2056,2347167796,12:00:00 AM,1,467,531,4/25/2016,Monday,9482,6.380000114,6.380000114,0,1.269999981,0.519999981,4.599999905,0,15,11,277,653,2095
2058,2347167796,12:00:00 AM,1,467,531,4/27/2016,Wednesday,11423,7.579999924,7.579999924,0,1.860000014,0.400000006,5.320000172,0,26,9,295,623,2194
2059,2347167796,12:00:00 AM,1,467,531,4/28/2016,Thursday,5439,3.599999905,3.599999905,0,0,0,3.599999905,0,0,0,229,764,1854
2313,3977333714,12:00:00 AM,1,274,469,4/12/2016,Tuesday,8856,5.980000019,5.980000019,0,3.059999943,0.910000026,2.00999999,0,44,19,131,777,1450
2314,3977333714,12:00:00 AM,1,274,469,4/13/2016,Wednesday,10035,6.710000038,6.710000038,0,2.029999971,2.130000114,2.549999952,0,31,46,153,754,1495
2315,3977333714,12:00:00 AM,1,274,469,4/14/2016,Thursday,7641,5.110000134,5.110000134,0,0.319999993,0.970000029,3.819999933,0,5,23,214,801,1433
2316,3977333714,12:00:00 AM,1,274,469,4/15/2016,Friday,9010,6.059999943,6.059999943,0,1.049999952,1.75,3.25999999,0,15,42,183,644,1468
2317,3977333714,12:00:00 AM,1,274,469,4/16/2016,Saturday,13459,9,9,0,2.029999971,4,2.970000029,0,31,83,153,663,1625
2319,3977333714,12:00:00 AM,1,274,469,4/18/2016,Monday,11663,7.800000191,7.800000191,0,0.25,3.730000019,3.819999933,0,4,95,214,605,1584
2320,3977333714,12:00:00 AM,1,274,469,4/19/2016,Tuesday,12414,8.779999733,8.779999733,0,2.24000001,2.450000048,3.960000038,0,19,67,221,738,1638
2321,3977333714,12:00:00 AM,1,274,469,4/20/2016,Wednesday,11658,7.829999924,7.829999924,0,0.200000003,4.349999905,3.279999971,0,2,98,164,845,1554
2322,3977333714,12:00:00 AM,1,274,469,4/21/2016,Thursday,6093,4.079999924,4.079999924,0,0,0,4.059999943,0,0,0,242,712,1397
2323,3977333714,12:00:00 AM,1,274,469,4/22/2016,Friday,8911,5.960000038,5.960000038,0,2.329999924,0.579999983,3.059999943,0,33,12,188,731,1481
2324,3977333714,12:00:00 AM,1,274,469,4/23/2016,Saturday,12058,8.069999695,8.069999695,0,0,4.21999979,3.849999905,0,0,92,252,724,1638
2325,3977333714,12:00:00 AM,1,274,469,4/24/2016,Sunday,14112,10,10,0,3.269999981,4.559999943,2.170000076,0,30,95,129,660,1655
2326,3977333714,12:00:00 AM,1,274,469,4/25/2016,Monday,11177,8.479999542,8.479999542,0,5.619999886,0.430000007,2.410000086,0,50,9,133,781,1570
2327,3977333714,12:00:00 AM,1,274,469,4/26/2016,Tuesday,11388,7.619999886,7.619999886,0,0.449999988,4.21999979,2.950000048,0,7,95,170,797,1551
2328,3977333714,12:00:00 AM,1,274,469,4/27/2016,Wednesday,7193,5.039999962,5.039999962,0,0,0.419999987,4.619999886,0,0,10,176,714,1377
2329,3977333714,12:00:00 AM,1,274,469,4/28/2016,Thursday,7114,4.880000114,4.880000114,0,1.370000005,0.289999992,3.220000029,0,15,8,190,804,1407
2330,3977333714,12:00:00 AM,1,274,469,4/29/2016,Friday,10645,7.75,7.75,0,3.74000001,1.299999952,2.710000038,0,36,32,150,744,1545
2331,3977333714,12:00:00 AM,1,274,469,4/30/2016,Saturday,13238,9.199999809,9.199999809,0,3.690000057,2.099999905,3.410000086,0,43,52,194,687,1650
2332,3977333714,12:00:00 AM,1,274,469,5/1/2016,Sunday,10414,7.070000172,7.070000172,0,2.670000076,1.980000019,2.410000086,0,41,40,124,691,1501
2333,3977333714,12:00:00 AM,1,274,469,5/2/2016,Monday,16520,11.05000019,11.05000019,0,1.539999962,6.480000019,3.019999981,0,24,143,176,713,1760
2334,3977333714,12:00:00 AM,1,274,469,5/3/2016,Tuesday,14335,9.590000153,9.590000153,0,3.319999933,1.74000001,4.53000021,0,47,41,258,594,1710
2335,3977333714,12:00:00 AM,1,274,469,5/4/2016,Wednesday,13559,9.43999958,9.43999958,0,1.809999943,4.579999924,2.890000105,0,14,96,142,852,1628
2336,3977333714,12:00:00 AM,1,274,469,5/5/2016,Thursday,12312,8.579999924,8.579999924,0,1.75999999,4.110000134,2.710000038,0,14,88,178,680,1618
2337,3977333714,12:00:00 AM,1,274,469,5/6/2016,Friday,11677,8.279999733,8.279999733,0,3.109999895,2.50999999,2.670000076,0,29,55,168,676,1590
2338,3977333714,12:00:00 AM,1,274,469,5/7/2016,Saturday,11550,7.730000019,7.730000019,0,0,4.130000114,3.589999914,0,0,86,208,703,1574
2339,3977333714,12:00:00 AM,1,274,469,5/8/2016,Sunday,13585,9.090000153,9.090000153,0,0.680000007,5.239999771,3.170000076,0,9,116,171,688,1633
2340,3977333714,12:00:00 AM,1,274,469,5/9/2016,Monday,14687,10.07999992,10.07999992,0,0.769999981,5.599999905,3.549999952,0,8,122,151,1159,1667
2342,3977333714,12:00:00 AM,1,274,469,5/11/2016,Wednesday,746,0.5,0.5,0,0.370000005,0,0.129999995,0,4,0,9,13,52
3153,4020332650,12:00:00 AM,1,501,541,4/12/2016,Tuesday,8539,6.119999886,6.119999886,0,0.150000006,0.239999995,5.679999828,0,4,15,331,712,3654
3155,4020332650,12:00:00 AM,1,501,541,4/14/2016,Thursday,108,0.079999998,0.079999998,0,0,0,0.029999999,0,0,0,3,1437,2011
3156,4020332650,12:00:00 AM,1,501,541,4/15/2016,Friday,1882,1.350000024,1.350000024,0,0.209999993,0.360000014,0.769999981,0,36,18,87,1299,2951
3157,4020332650,12:00:00 AM,1,501,541,4/16/2016,Saturday,1982,1.419999957,1.419999957,0,0.449999988,0.370000005,0.589999974,0,65,21,55,1222,3051
3159,4020332650,12:00:00 AM,1,501,541,4/18/2016,Monday,62,0.039999999,0.039999999,0,0,0,0.039999999,0,0,0,2,1438,1995
3173,4020332650,12:00:00 AM,1,501,541,5/2/2016,Monday,475,0.340000004,0.340000004,0,0,0.039999999,0.289999992,0,0,11,31,1350,2207
3174,4020332650,12:00:00 AM,1,501,541,5/3/2016,Tuesday,4496,3.220000029,3.220000029,0,0,0,3.150000095,0,0,0,174,950,2828
3175,4020332650,12:00:00 AM,1,501,541,5/4/2016,Wednesday,10252,7.349999905,7.349999905,0,0.670000017,1.039999962,5.579999924,0,13,46,346,531,3879
3176,4020332650,12:00:00 AM,1,501,541,5/5/2016,Thursday,11728,8.430000305,8.430000305,0,2.619999886,1.679999948,4.039999962,0,38,42,196,916,3429
3177,4020332650,12:00:00 AM,1,501,541,5/6/2016,Friday,4369,3.130000114,3.130000114,0,0,0,3.099999905,0,0,0,177,855,2704
3178,4020332650,12:00:00 AM,1,501,541,5/7/2016,Saturday,6132,4.400000095,4.400000095,0,0,0,3.579999924,0,0,0,184,1256,2975
3180,4020332650,12:00:00 AM,1,501,541,5/9/2016,Monday,4556,3.269999981,3.269999981,0,0.200000003,0.119999997,2.940000057,0,3,5,173,1225,2785
3181,4020332650,12:00:00 AM,1,501,541,5/10/2016,Tuesday,5546,3.980000019,3.980000019,0,0,0,3.869999886,0,0,0,206,774,2926
3182,4020332650,12:00:00 AM,1,501,541,5/11/2016,Wednesday,3689,2.650000095,2.650000095,0,0.109999999,0.170000002,2.329999924,0,2,8,134,1296,2645
3183,4020332650,12:00:00 AM,1,501,541,5/12/2016,Thursday,590,0.419999987,0.419999987,0,0,0,0.409999996,0,0,0,21,721,1120
3401,4319703577,12:00:00 AM,1,535,557,4/12/2016,Tuesday,7753,5.199999809,5.199999809,0,0,0,0,0,0,0,0,1440,2115
3402,4319703577,12:00:00 AM,1,535,557,4/13/2016,Wednesday,8204,5.5,5.5,0,0.529999971,0.589999974,1.309999943,0,8,15,96,1234,2135
3403,4319703577,12:00:00 AM,1,535,557,4/14/2016,Thursday,10210,6.880000114,6.880000114,0,0.109999999,0.330000013,6.440000057,0,1,9,339,589,2302
3404,4319703577,12:00:00 AM,1,535,557,4/15/2016,Friday,5664,3.799999952,3.799999952,0,0,0,3.799999952,0,0,0,228,752,1985
3405,4319703577,12:00:00 AM,1,535,557,4/16/2016,Saturday,4744,3.180000067,3.180000067,0,0,0,3.180000067,0,0,0,194,724,1884
3406,4319703577,12:00:00 AM,1,535,557,4/17/2016,Sunday,29,0.02,0.02,0,0,0,0.02,0,0,0,3,1363,1464
3407,4319703577,12:00:00 AM,1,535,557,4/18/2016,Monday,2276,1.549999952,1.549999952,0,0.07,0.330000013,1.120000005,0,1,9,58,824,1632
3408,4319703577,12:00:00 AM,1,535,557,4/19/2016,Tuesday,8925,5.989999771,5.989999771,0,0,0,5.989999771,0,0,0,311,604,2200
3409,4319703577,12:00:00 AM,1,535,557,4/20/2016,Wednesday,8954,6.010000229,6.010000229,0,0,0.680000007,5.309999943,0,0,18,306,671,2220
3410,4319703577,12:00:00 AM,1,535,557,4/21/2016,Thursday,3702,2.480000019,2.480000019,0,0,0,0.349999994,0,0,0,34,1265,1792
3411,4319703577,12:00:00 AM,1,535,557,4/22/2016,Friday,4500,3.019999981,3.019999981,0,0.059999999,0.810000002,2.150000095,0,1,19,176,709,1886
3412,4319703577,12:00:00 AM,1,535,557,4/23/2016,Saturday,4935,3.309999943,3.309999943,0,0,0,3.309999943,0,0,0,233,546,1945
3414,4319703577,12:00:00 AM,1,535,557,4/25/2016,Monday,9259,6.210000038,6.210000038,0,0,0.280000001,5.929999828,0,0,8,390,544,2314
3415,4319703577,12:00:00 AM,1,535,557,4/26/2016,Tuesday,9899,6.639999866,6.639999866,0,0.569999993,0.920000017,5.150000095,0,8,21,288,649,2236
3416,4319703577,12:00:00 AM,1,535,557,4/27/2016,Wednesday,10780,7.230000019,7.230000019,0,0.409999996,1.919999957,4.909999847,0,6,47,300,680,2324
3417,4319703577,12:00:00 AM,1,535,557,4/28/2016,Thursday,10817,7.28000021,7.28000021,0,1.00999999,0.330000013,5.940000057,0,13,8,359,552,2367
3418,4319703577,12:00:00 AM,1,535,557,4/29/2016,Friday,7990,5.360000134,5.360000134,0,0.449999988,0.790000021,4.119999886,0,6,18,289,624,2175
3419,4319703577,12:00:00 AM,1,535,557,4/30/2016,Saturday,8221,5.519999981,5.519999981,0,0.400000006,1.610000014,3.50999999,0,6,38,196,695,2092
3420,4319703577,12:00:00 AM,1,535,557,5/1/2016,Sunday,1251,0.839999974,0.839999974,0,0,0,0.839999974,0,0,0,67,836,1593
3421,4319703577,12:00:00 AM,1,535,557,5/2/2016,Monday,9261,6.239999771,6.239999771,0,0,0.439999998,5.710000038,0,0,11,344,585,2270
3422,4319703577,12:00:00 AM,1,535,557,5/3/2016,Tuesday,9648,6.46999979,6.46999979,0,0.579999983,1.070000052,4.829999924,0,8,26,287,669,2235
3423,4319703577,12:00:00 AM,1,535,557,5/4/2016,Wednesday,10429,7.019999981,7.019999981,0,0.589999974,0.579999983,5.849999905,0,8,13,313,1106,2282
3424,4319703577,12:00:00 AM,1,535,557,5/5/2016,Thursday,13658,9.489999771,9.489999771,0,2.630000114,1.409999967,5.449999809,0,27,34,328,957,2530
3425,4319703577,12:00:00 AM,1,535,557,5/6/2016,Friday,9524,6.420000076,6.420000076,0,0.409999996,0.469999999,5.460000038,0,6,11,314,692,2266
3426,4319703577,12:00:00 AM,1,535,557,5/7/2016,Saturday,7937,5.329999924,5.329999924,0,0.189999998,1.049999952,4.079999924,0,3,28,279,586,2158
3427,4319703577,12:00:00 AM,1,535,557,5/8/2016,Sunday,3672,2.460000038,2.460000038,0,0,0,2.460000038,0,0,0,153,603,1792
3428,4319703577,12:00:00 AM,1,535,557,5/9/2016,Monday,10378,6.960000038,6.960000038,0,0.140000001,0.560000002,6.25,0,2,14,374,490,2345
3430,4319703577,12:00:00 AM,1,535,557,5/11/2016,Wednesday,9129,6.130000114,6.130000114,0,0.200000003,0.74000001,5.179999828,0,3,18,311,574,2232
4207,4388161847,12:00:00 AM,1,499,526,4/12/2016,Tuesday,10122,7.78000021,7.78000021,0,0,0,0,0,0,0,0,1440,2955
4208,4388161847,12:00:00 AM,1,499,526,4/13/2016,Wednesday,10993,8.449999809,8.449999809,0,0.059999999,0.629999995,3.880000114,0,1,14,150,1275,3092
4209,4388161847,12:00:00 AM,1,499,526,4/14/2016,Thursday,8863,6.820000172,6.820000172,0,0.129999995,1.070000052,5.619999886,0,10,35,219,945,2998
4210,4388161847,12:00:00 AM,1,499,526,4/15/2016,Friday,8758,6.730000019,6.730000019,0,0,0,6.730000019,0,0,0,299,837,3066
4211,4388161847,12:00:00 AM,1,499,526,4/16/2016,Saturday,6580,5.059999943,5.059999943,0,0.209999993,0.400000006,4.449999809,0,6,9,253,609,3073
4212,4388161847,12:00:00 AM,1,499,526,4/17/2016,Sunday,4660,3.579999924,3.579999924,0,0,0,3.579999924,0,0,0,201,721,2572
4213,4388161847,12:00:00 AM,1,499,526,4/18/2016,Monday,11009,9.100000381,9.100000381,0,3.559999943,0.400000006,5.139999866,0,27,8,239,1017,3274
4215,4388161847,12:00:00 AM,1,499,526,4/20/2016,Wednesday,10553,8.119999886,8.119999886,0,1.100000024,1.720000029,5.289999962,0,19,42,228,696,3083
4218,4388161847,12:00:00 AM,1,499,526,4/23/2016,Saturday,13236,10.18000031,10.18000031,0,4.5,0.319999993,5.349999905,0,58,5,215,749,3306
4219,4388161847,12:00:00 AM,1,499,526,4/24/2016,Sunday,10243,7.880000114,7.880000114,0,1.080000043,0.50999999,6.300000191,0,14,8,239,584,2885
4220,4388161847,12:00:00 AM,1,499,526,4/25/2016,Monday,12961,9.970000267,9.970000267,0,0.730000019,1.399999976,7.840000153,0,11,31,301,1054,3288
4222,4388161847,12:00:00 AM,1,499,526,4/27/2016,Wednesday,11193,8.609999657,8.609999657,0,0.699999988,2.50999999,5.389999866,0,11,48,241,684,3074
4224,4388161847,12:00:00 AM,1,499,526,4/29/2016,Friday,9232,7.099999905,7.099999905,0,0.800000012,0.889999986,5.420000076,0,13,16,236,1175,2979
4225,4388161847,12:00:00 AM,1,499,526,4/30/2016,Saturday,12533,9.640000343,9.640000343,0,0.699999988,2,6.940000057,0,14,43,300,537,3283
4226,4388161847,12:00:00 AM,1,499,526,5/1/2016,Sunday,10255,7.889999866,7.889999866,0,1.00999999,0.680000007,6.199999809,0,12,15,241,579,2926
4227,4388161847,12:00:00 AM,1,499,526,5/2/2016,Monday,10096,8.399999619,8.399999619,0,3.769999981,0.079999998,4.550000191,0,33,4,204,935,3147
4228,4388161847,12:00:00 AM,1,499,526,5/3/2016,Tuesday,12727,9.789999962,9.789999962,0,1.129999995,0.779999971,7.880000114,0,18,18,306,984,3290
4229,4388161847,12:00:00 AM,1,499,526,5/4/2016,Wednesday,12375,9.520000458,9.520000458,0,2.789999962,0.930000007,5.800000191,0,35,21,251,632,3162
4230,4388161847,12:00:00 AM,1,499,526,5/5/2016,Thursday,9603,7.380000114,7.380000114,0,0.629999995,1.669999957,5.090000153,0,12,39,199,896,2899
4231,4388161847,12:00:00 AM,1,499,526,5/6/2016,Friday,13175,10.13000011,10.13000011,0,2.109999895,2.089999914,5.929999828,0,33,45,262,1100,3425
4232,4388161847,12:00:00 AM,1,499,526,5/7/2016,Saturday,22770,17.54000092,17.54000092,0,9.449999809,2.769999981,5.329999924,0,120,56,260,508,4022
4233,4388161847,12:00:00 AM,1,499,526,5/8/2016,Sunday,17298,14.38000011,14.38000011,0,9.890000343,1.25999999,3.230000019,0,107,38,178,576,3934
4234,4388161847,12:00:00 AM,1,499,526,5/9/2016,Monday,10218,7.860000134,7.860000134,0,0.340000004,0.730000019,6.789999962,0,6,19,258,1020,3013
4235,4388161847,12:00:00 AM,1,499,526,5/10/2016,Tuesday,10299,7.920000076,7.920000076,0,0.810000002,0.649999976,6.460000038,0,13,14,267,648,3061
4236,4388161847,12:00:00 AM,1,499,526,5/11/2016,Wednesday,10201,7.840000153,7.840000153,0,0.529999971,0.790000021,6.53000021,0,8,18,256,858,2954
4237,4388161847,12:00:00 AM,1,499,526,5/12/2016,Thursday,3369,2.589999914,2.589999914,0,0,0,2.589999914,0,0,0,108,825,1623
4952,4445114986,12:00:00 AM,2,429,457,4/13/2016,Wednesday,2961,1.99000001,1.99000001,0,0,0,1.99000001,0,0,0,194,840,2095
4956,4445114986,12:00:00 AM,2,429,457,4/17/2016,Sunday,2268,1.519999981,1.519999981,0,0,0,1.519999981,0,0,0,114,1219,1933
4957,4445114986,12:00:00 AM,2,429,457,4/18/2016,Monday,6155,4.239999771,4.239999771,0,2,0.289999992,1.950000048,0,25,6,162,1247,2248
4958,4445114986,12:00:00 AM,2,429,457,4/19/2016,Tuesday,2064,1.389999986,1.389999986,0,0,0,1.389999986,0,0,0,121,895,1954
4960,4445114986,12:00:00 AM,2,429,457,4/21/2016,Thursday,3809,2.559999943,2.559999943,0,0,0,2.539999962,0,0,0,215,756,2150
4961,4445114986,12:00:00 AM,2,429,457,4/22/2016,Friday,6831,4.579999924,4.579999924,0,0,0,4.579999924,0,0,0,317,706,2432
4963,4445114986,12:00:00 AM,2,429,457,4/24/2016,Sunday,5002,3.359999895,3.359999895,0,0,0,3.359999895,0,0,0,244,1196,2247
4964,4445114986,12:00:00 AM,2,429,457,4/25/2016,Monday,3385,2.269999981,2.269999981,0,0,0,2.269999981,0,0,0,179,916,2070
4965,4445114986,12:00:00 AM,2,429,457,4/26/2016,Tuesday,6326,4.409999847,4.409999847,0,2.410000086,0.039999999,1.960000038,0,29,1,180,839,2291
4966,4445114986,12:00:00 AM,2,429,457,4/27/2016,Wednesday,7243,5.03000021,5.03000021,0,2.619999886,0.029999999,2.380000114,0,32,1,194,839,2361
4967,4445114986,12:00:00 AM,2,429,457,4/28/2016,Thursday,4493,3.00999999,3.00999999,0,0,0,3.00999999,0,0,0,236,762,2203
4968,4445114986,12:00:00 AM,2,429,457,4/29/2016,Friday,4676,3.140000105,3.140000105,0,0,0,3.130000114,0,0,0,226,1106,2196
4971,4445114986,12:00:00 AM,2,429,457,5/2/2016,Monday,6910,4.75,4.75,0,2.210000038,0.189999998,2.349999905,0,27,4,200,667,2336
4972,4445114986,12:00:00 AM,2,429,457,5/3/2016,Tuesday,7502,5.179999828,5.179999828,0,2.480000019,0.109999999,2.579999924,0,30,2,233,725,2421
4973,4445114986,12:00:00 AM,2,429,457,5/4/2016,Wednesday,2923,1.960000038,1.960000038,0,0,0,1.960000038,0,0,0,180,897,2070
4974,4445114986,12:00:00 AM,2,429,457,5/5/2016,Thursday,3800,2.549999952,2.549999952,0,0.119999997,0.239999995,2.180000067,0,2,6,185,734,2120
4975,4445114986,12:00:00 AM,2,429,457,5/6/2016,Friday,4514,3.029999971,3.029999971,0,0,0,3.029999971,0,0,0,229,809,2211
4976,4445114986,12:00:00 AM,2,429,457,5/7/2016,Saturday,5183,3.589999914,3.589999914,0,2.130000114,0.189999998,1.25,0,26,4,108,866,2123
4978,4445114986,12:00:00 AM,2,429,457,5/9/2016,Monday,5275,3.539999962,3.539999962,0,0,0,3.539999962,0,0,0,266,641,2281
4979,4445114986,12:00:00 AM,2,429,457,5/10/2016,Tuesday,3915,2.630000114,2.630000114,0,0,0,2.630000114,0,0,0,231,783,2181
4980,4445114986,12:00:00 AM,2,429,457,5/11/2016,Wednesday,9105,6.110000134,6.110000134,0,2.25,1,2.859999895,0,34,22,232,622,2499
5819,4558609924,12:00:00 AM,1,126,137,4/12/2016,Tuesday,5135,3.390000105,3.390000105,0,0,0,3.390000105,0,0,0,318,1122,1909
5821,4558609924,12:00:00 AM,1,126,137,4/14/2016,Thursday,6799,4.489999771,4.489999771,0,0,0,4.489999771,0,0,0,279,1161,1922
5822,4558609924,12:00:00 AM,1,126,137,4/15/2016,Friday,7795,5.150000095,5.150000095,0,0.589999974,0.839999974,3.730000019,0,17,30,262,1131,2121
5823,4558609924,12:00:00 AM,1,126,137,4/16/2016,Saturday,7289,4.820000172,4.820000172,0,0.550000012,0.75,3.5,0,8,12,308,1112,1997
5824,4558609924,12:00:00 AM,1,126,137,4/17/2016,Sunday,9634,6.400000095,6.400000095,0,0.550000012,1.139999986,4.710000038,0,7,19,304,1110,2117
5825,4558609924,12:00:00 AM,1,126,137,4/18/2016,Monday,8940,5.909999847,5.909999847,0,0.980000019,0.930000007,4,0,14,15,331,1080,2116
5826,4558609924,12:00:00 AM,1,126,137,4/19/2016,Tuesday,5401,3.569999933,3.569999933,0,0.050000001,0.360000014,3.160000086,0,1,9,248,1182,1876
5827,4558609924,12:00:00 AM,1,126,137,4/20/2016,Wednesday,4803,3.170000076,3.170000076,0,0,0,3.170000076,0,0,0,222,1218,1788
5828,4558609924,12:00:00 AM,1,126,137,4/21/2016,Thursday,13743,9.079999924,9.079999924,0,0.419999987,0.970000029,7.699999809,0,6,21,432,844,2486
5829,4558609924,12:00:00 AM,1,126,137,4/22/2016,Friday,9601,6.349999905,6.349999905,0,1.370000005,1.5,3.470000029,0,20,25,273,1122,2094
5830,4558609924,12:00:00 AM,1,126,137,4/23/2016,Saturday,6890,4.550000191,4.550000191,0,0.340000004,0.200000003,4.010000229,0,5,5,308,1122,2085
5831,4558609924,12:00:00 AM,1,126,137,4/24/2016,Sunday,8563,5.659999847,5.659999847,0,0,0,5.650000095,0,0,0,395,1045,2173
5832,4558609924,12:00:00 AM,1,126,137,4/25/2016,Monday,8095,5.349999905,5.349999905,0,0.589999974,0.25,4.510000229,0,18,10,340,993,2225
5833,4558609924,12:00:00 AM,1,126,137,4/26/2016,Tuesday,9148,6.050000191,6.050000191,0,0.430000007,2.029999971,3.589999914,0,12,41,283,1062,2223
5834,4558609924,12:00:00 AM,1,126,137,4/27/2016,Wednesday,9557,6.320000172,6.320000172,0,1.960000038,0.889999986,3.460000038,0,27,14,312,1087,2098
5835,4558609924,12:00:00 AM,1,126,137,4/28/2016,Thursday,9451,6.25,6.25,0,0.02,0.270000011,5.949999809,0,1,11,367,985,2185
5839,4558609924,12:00:00 AM,1,126,137,5/2/2016,Monday,7891,5.21999979,5.21999979,0,0,0,5.21999979,0,0,0,383,1057,2066
5841,4558609924,12:00:00 AM,1,126,137,5/4/2016,Wednesday,5232,3.460000038,3.460000038,0,0,0,3.460000038,0,0,0,252,1188,1842
5844,4558609924,12:00:00 AM,1,126,137,5/7/2016,Saturday,8237,5.440000057,5.440000057,0,1.610000014,1,2.829999924,0,23,16,233,1116,1973
5846,4558609924,12:00:00 AM,1,126,137,5/9/2016,Monday,11451,7.570000172,7.570000172,0,0.430000007,1.620000005,5.519999981,0,6,30,339,1065,2223
5847,4558609924,12:00:00 AM,1,126,137,5/10/2016,Tuesday,6435,4.25,4.25,0,0.74000001,1.120000005,2.390000105,0,11,18,220,1191,1889
5848,4558609924,12:00:00 AM,1,126,137,5/11/2016,Wednesday,9108,6.019999981,6.019999981,0,0.25999999,1.820000052,3.940000057,0,4,31,324,1081,2131
5849,4558609924,12:00:00 AM,1,126,137,5/12/2016,Thursday,6307,4.170000076,4.170000076,0,0,0,4.170000076,0,0,0,247,736,1452
5974,4702921684,12:00:00 AM,1,425,439,4/12/2016,Tuesday,7213,5.880000114,5.880000114,0,0,0,5.849999905,0,0,0,263,718,2947
5975,4702921684,12:00:00 AM,1,425,439,4/13/2016,Wednesday,6877,5.579999924,5.579999924,0,0,0,5.579999924,0,0,0,258,777,2898
5977,4702921684,12:00:00 AM,1,425,439,4/15/2016,Friday,6506,5.28000021,5.28000021,0,0.07,0.419999987,4.789999962,0,1,8,256,944,2896
5978,4702921684,12:00:00 AM,1,425,439,4/16/2016,Saturday,11140,9.029999733,9.029999733,0,0.239999995,1.25,7.539999962,0,3,24,335,556,3328
5979,4702921684,12:00:00 AM,1,425,439,4/17/2016,Sunday,12692,10.28999996,10.28999996,0,0.959999979,3.460000038,5.880000114,0,12,66,302,437,3394
5982,4702921684,12:00:00 AM,1,425,439,4/20/2016,Wednesday,8793,7.130000114,7.130000114,0,0.159999996,1.230000019,5.730000019,0,2,29,260,717,3061
5983,4702921684,12:00:00 AM,1,425,439,4/21/2016,Thursday,6530,5.300000191,5.300000191,0,0.310000002,2.049999952,2.940000057,0,4,41,144,901,2729
5985,4702921684,12:00:00 AM,1,425,439,4/23/2016,Saturday,15126,12.27000046,12.27000046,0,0.75999999,3.24000001,8.270000458,0,9,66,408,469,3691
5986,4702921684,12:00:00 AM,1,425,439,4/24/2016,Sunday,15050,12.22000027,12.22000027,0,1.200000048,5.119999886,5.880000114,0,15,95,281,542,3538
5987,4702921684,12:00:00 AM,1,425,439,4/25/2016,Monday,9167,7.429999828,7.429999828,0,0.49000001,0.819999993,6.110000134,0,6,15,270,730,3064
5988,4702921684,12:00:00 AM,1,425,439,4/26/2016,Tuesday,6108,4.949999809,4.949999809,0,0.07,0.349999994,4.539999962,0,1,8,216,765,2784
5989,4702921684,12:00:00 AM,1,425,439,4/27/2016,Wednesday,7047,5.71999979,5.71999979,0,0.090000004,0.800000012,4.78000021,0,1,16,238,733,2908
5990,4702921684,12:00:00 AM,1,425,439,4/28/2016,Thursday,9023,7.320000172,7.320000172,0,1.129999995,0.419999987,5.769999981,0,14,9,232,738,3033
5991,4702921684,12:00:00 AM,1,425,439,4/29/2016,Friday,9930,8.050000191,8.050000191,0,1.059999943,0.920000017,6.070000172,0,12,19,267,692,3165
5992,4702921684,12:00:00 AM,1,425,439,4/30/2016,Saturday,10144,8.229999542,8.229999542,0,0.319999993,2.029999971,5.880000114,0,4,36,263,728,3115
5994,4702921684,12:00:00 AM,1,425,439,5/2/2016,Monday,7245,5.920000076,5.920000076,0,0.379999995,1.74000001,3.75999999,0,5,40,195,1131,2859
5995,4702921684,12:00:00 AM,1,425,439,5/3/2016,Tuesday,9454,7.670000076,7.670000076,0,0,0,7.670000076,0,0,0,313,729,3145
5997,4702921684,12:00:00 AM,1,425,439,5/5/2016,Thursday,8614,6.989999771,6.989999771,0,0.670000017,0.219999999,6.090000153,0,8,5,241,745,3006
5998,4702921684,12:00:00 AM,1,425,439,5/6/2016,Friday,6943,5.630000114,5.630000114,0,0.079999998,0.660000026,4.869999886,0,1,16,207,682,2859
5999,4702921684,12:00:00 AM,1,425,439,5/7/2016,Saturday,14370,11.64999962,11.64999962,0,0.370000005,2.309999943,8.970000267,0,5,46,439,577,3683
6000,4702921684,12:00:00 AM,1,425,439,5/8/2016,Sunday,12857,10.43000031,10.43000031,0,0.680000007,6.210000038,3.539999962,0,9,125,192,1019,3287
6003,4702921684,12:00:00 AM,1,425,439,5/11/2016,Wednesday,9810,7.960000038,7.960000038,0,0.779999971,2.160000086,4.980000019,0,10,41,235,784,3069
6004,4702921684,12:00:00 AM,1,425,439,5/12/2016,Thursday,2752,2.230000019,2.230000019,0,0,0,2.230000019,0,0,0,68,241,1240
6843,5553957443,12:00:00 AM,1,441,464,4/13/2016,Wednesday,4832,3.160000086,3.160000086,0,0,0,3.160000086,0,0,0,226,647,1718
6845,5553957443,12:00:00 AM,1,441,464,4/15/2016,Friday,16556,10.85999966,10.85999966,0,4.159999847,1.980000019,4.710000038,0,58,38,239,689,2254
6847,5553957443,12:00:00 AM,1,441,464,4/17/2016,Sunday,655,0.430000007,0.430000007,0,0,0,0.430000007,0,0,0,46,943,1397
6848,5553957443,12:00:00 AM,1,441,464,4/18/2016,Monday,3727,2.430000067,2.430000067,0,0,0,2.430000067,0,0,0,206,622,1683
6849,5553957443,12:00:00 AM,1,441,464,4/19/2016,Tuesday,15482,10.10999966,10.10999966,0,4.28000021,1.659999967,4.179999828,0,69,28,249,756,2284
6851,5553957443,12:00:00 AM,1,441,464,4/21/2016,Thursday,12346,8.06000042,8.06000042,0,2.950000048,2.160000086,2.960000038,0,47,42,177,801,2066
6852,5553957443,12:00:00 AM,1,441,464,4/22/2016,Friday,11682,7.630000114,7.630000114,0,1.379999995,0.629999995,5.599999905,0,25,16,270,781,2105
6853,5553957443,12:00:00 AM,1,441,464,4/23/2016,Saturday,4112,2.690000057,2.690000057,0,0,0,2.680000067,0,0,0,272,443,1776
6854,5553957443,12:00:00 AM,1,441,464,4/24/2016,Sunday,1807,1.179999948,1.179999948,0,0,0,1.179999948,0,0,0,104,582,1507
6855,5553957443,12:00:00 AM,1,441,464,4/25/2016,Monday,10946,7.190000057,7.190000057,0,2.930000067,0.569999993,3.690000057,0,51,11,201,732,2033
6856,5553957443,12:00:00 AM,1,441,464,4/26/2016,Tuesday,11886,7.760000229,7.760000229,0,2.369999886,0.930000007,4.460000038,0,40,18,238,750,2093
6859,5553957443,12:00:00 AM,1,441,464,4/29/2016,Friday,12764,8.329999924,8.329999924,0,2.789999962,0.639999986,4.909999847,0,46,15,270,709,2169
6860,5553957443,12:00:00 AM,1,441,464,4/30/2016,Saturday,1202,0.779999971,0.779999971,0,0,0,0.779999971,0,0,0,84,506,1463
6861,5553957443,12:00:00 AM,1,441,464,5/1/2016,Sunday,5164,3.369999886,3.369999886,0,0,0,3.369999886,0,0,0,237,436,1747
6863,5553957443,12:00:00 AM,1,441,464,5/3/2016,Tuesday,12848,8.390000343,8.390000343,0,1.5,1.200000048,5.679999828,0,26,29,247,812,2116
6864,5553957443,12:00:00 AM,1,441,464,5/4/2016,Wednesday,4249,2.769999981,2.769999981,0,0,0,2.769999981,0,0,0,224,651,1698
6865,5553957443,12:00:00 AM,1,441,464,5/5/2016,Thursday,14331,9.510000229,9.510000229,0,3.430000067,1.659999967,4.429999828,0,44,29,241,692,2156
6866,5553957443,12:00:00 AM,1,441,464,5/6/2016,Friday,9632,6.289999962,6.289999962,0,1.519999981,0.540000021,4.230000019,0,21,9,229,761,1916
6867,5553957443,12:00:00 AM,1,441,464,5/7/2016,Saturday,1868,1.220000029,1.220000029,0,0,0,1.220000029,0,0,0,96,902,1494
6868,5553957443,12:00:00 AM,1,441,464,5/8/2016,Sunday,6083,4,4,0,0.219999999,0.469999999,3.299999952,0,3,8,210,505,1762
6870,5553957443,12:00:00 AM,1,441,464,5/10/2016,Tuesday,16358,10.71000004,10.71000004,0,3.869999886,1.610000014,5.199999809,0,61,40,265,707,2335
7803,5577150313,12:00:00 AM,1,419,438,4/12/2016,Tuesday,8135,6.079999924,6.079999924,0,3.599999905,0.379999995,2.099999905,0,86,16,140,728,3405
7804,5577150313,12:00:00 AM,1,419,438,4/13/2016,Wednesday,5077,3.789999962,3.789999962,0,0.319999993,0.219999999,3.25,0,15,11,144,776,2551
7807,5577150313,12:00:00 AM,1,419,438,4/16/2016,Saturday,14269,10.65999985,10.65999985,0,6.639999866,1.279999971,2.730000019,0,184,56,158,472,4274
7808,5577150313,12:00:00 AM,1,419,438,4/17/2016,Sunday,12231,9.140000343,9.140000343,0,5.980000019,0.829999983,2.319999933,0,200,37,159,525,4552
7809,5577150313,12:00:00 AM,1,419,438,4/18/2016,Monday,9893,7.389999866,7.389999866,0,4.860000134,0.720000029,1.820000052,0,114,32,130,623,3625
7810,5577150313,12:00:00 AM,1,419,438,4/19/2016,Tuesday,12574,9.420000076,9.420000076,0,7.019999981,0.639999986,1.75999999,0,108,23,111,733,3501
7811,5577150313,12:00:00 AM,1,419,438,4/20/2016,Wednesday,8330,6.21999979,6.21999979,0,4.119999886,0.340000004,1.75999999,0,87,16,113,773,3192
7812,5577150313,12:00:00 AM,1,419,438,4/21/2016,Thursday,10830,8.090000153,8.090000153,0,3.650000095,1.659999967,2.779999971,0,110,74,175,670,4018
7813,5577150313,12:00:00 AM,1,419,438,4/22/2016,Friday,9172,6.849999905,6.849999905,0,2.420000076,0.790000021,3.299999952,0,62,30,200,823,3329
7814,5577150313,12:00:00 AM,1,419,438,4/23/2016,Saturday,7638,5.710000038,5.710000038,0,1.210000038,0.360000014,4.139999866,0,24,24,223,627,3152
7815,5577150313,12:00:00 AM,1,419,438,4/24/2016,Sunday,15764,11.77999973,11.77999973,0,7.650000095,2.150000095,1.980000019,0,210,65,141,425,4392
7816,5577150313,12:00:00 AM,1,419,438,4/25/2016,Monday,6393,4.78000021,4.78000021,0,1.350000024,0.670000017,2.75999999,0,61,38,214,743,3374
7818,5577150313,12:00:00 AM,1,419,438,4/27/2016,Wednesday,6805,5.139999866,5.139999866,0,1.809999943,0.400000006,2.930000067,0,63,16,190,773,3294
7821,5577150313,12:00:00 AM,1,419,438,4/30/2016,Saturday,12363,9.239999771,9.239999771,0,5.829999924,0.790000021,2.609999895,0,207,45,163,621,4501
7822,5577150313,12:00:00 AM,1,419,438,5/1/2016,Sunday,13368,9.989999771,9.989999771,0,5.309999943,1.440000057,3.24000001,0,194,72,178,499,4546
7823,5577150313,12:00:00 AM,1,419,438,5/2/2016,Monday,7439,5.559999943,5.559999943,0,1.120000005,0.349999994,4.070000172,0,37,20,235,732,3014
7824,5577150313,12:00:00 AM,1,419,438,5/3/2016,Tuesday,11045,8.25,8.25,0,4.519999981,0.150000006,3.569999933,0,97,8,212,580,3795
7825,5577150313,12:00:00 AM,1,419,438,5/4/2016,Wednesday,5206,3.890000105,3.890000105,0,1.559999943,0.25,2.079999924,0,25,9,141,631,2755
7826,5577150313,12:00:00 AM,1,419,438,5/5/2016,Thursday,7550,5.639999866,5.639999866,0,2.5,0.469999999,2.670000076,0,45,21,143,1153,3004
7827,5577150313,12:00:00 AM,1,419,438,5/6/2016,Friday,4950,3.700000048,3.700000048,0,1.929999948,0.319999993,1.450000048,0,41,16,79,1304,2643
7831,5577150313,12:00:00 AM,1,419,438,5/10/2016,Tuesday,8869,6.650000095,6.650000095,0,2.559999943,0.75,3.349999905,0,104,37,194,639,3841
8586,6117666160,12:00:00 AM,1,380,398,4/15/2016,Friday,14019,10.59000015,10.59000015,0,0,0.280000001,10.30000019,0,0,6,513,921,2865
8587,6117666160,12:00:00 AM,1,380,398,4/16/2016,Saturday,14450,10.90999985,10.90999985,0,0.579999983,0.850000024,9.479999542,0,7,15,518,502,2828
8588,6117666160,12:00:00 AM,1,380,398,4/17/2016,Sunday,7150,5.400000095,5.400000095,0,0,0,5.400000095,0,0,0,312,702,2225
8589,6117666160,12:00:00 AM,1,380,398,4/18/2016,Monday,5153,3.910000086,3.910000086,0,0,0,3.890000105,0,0,0,241,759,2018
8590,6117666160,12:00:00 AM,1,380,398,4/19/2016,Tuesday,11135,8.409999847,8.409999847,0,0,0,8.409999847,0,0,0,480,425,2606
8592,6117666160,12:00:00 AM,1,380,398,4/21/2016,Thursday,19542,15.01000023,15.01000023,0,0.980000019,0.400000006,5.619999886,0,11,19,294,579,4900
8593,6117666160,12:00:00 AM,1,380,398,4/22/2016,Friday,8206,6.199999809,6.199999809,0,0,0,6.199999809,0,0,0,402,413,2409
8594,6117666160,12:00:00 AM,1,380,398,4/23/2016,Saturday,11495,8.680000305,8.680000305,0,0,0,8.680000305,0,0,0,512,468,2651
8595,6117666160,12:00:00 AM,1,380,398,4/24/2016,Sunday,7623,5.760000229,5.760000229,0,0,0,5.760000229,0,0,0,362,711,2305
8598,6117666160,12:00:00 AM,1,380,398,4/27/2016,Wednesday,9411,7.110000134,7.110000134,0,0,0,7.110000134,0,0,0,458,417,2576
8600,6117666160,12:00:00 AM,1,380,398,4/29/2016,Friday,9592,7.239999771,7.239999771,0,0,0,7.239999771,0,0,0,461,479,2560
8606,6117666160,12:00:00 AM,1,380,398,5/5/2016,Thursday,9799,7.400000095,7.400000095,0,0,0,7.400000095,0,0,0,487,479,2636
8608,6117666160,12:00:00 AM,1,380,398,5/7/2016,Saturday,7336,5.539999962,5.539999962,0,0,0,5.539999962,0,0,0,412,456,2469
8609,6117666160,12:00:00 AM,1,380,398,5/8/2016,Sunday,7328,5.53000021,5.53000021,0,0,0,5.53000021,0,0,0,318,517,2250
8610,6117666160,12:00:00 AM,1,380,398,5/9/2016,Monday,4477,3.380000114,3.380000114,0,0,0,3.380000114,0,0,0,197,125,1248
9088,6775888955,12:00:00 AM,1,235,260,4/13/2016,Wednesday,4053,2.910000086,2.910000086,0,1.110000014,0.579999983,1.220000029,0,17,18,85,1053,2400
9093,6775888955,12:00:00 AM,1,235,260,4/18/2016,Monday,8294,5.949999809,5.949999809,0,2,0.769999981,3.170000076,0,30,31,146,1233,2798
9097,6775888955,12:00:00 AM,1,235,260,4/22/2016,Friday,637,0.460000008,0.460000008,0,0,0,0.460000008,0,0,0,20,1420,1922
9099,6775888955,12:00:00 AM,1,235,260,4/24/2016,Sunday,2153,1.539999962,1.539999962,0,0.769999981,0.620000005,0.150000006,0,11,18,11,1400,2053
9100,6775888955,12:00:00 AM,1,235,260,4/25/2016,Monday,6474,4.639999866,4.639999866,0,2.269999981,0.460000008,1.899999976,0,33,13,92,1302,2484
9101,6775888955,12:00:00 AM,1,235,260,4/26/2016,Tuesday,7091,5.269999981,5.269999981,2,3.480000019,0.870000005,0.730000019,0,42,30,47,1321,2584
9106,6775888955,12:00:00 AM,1,235,260,5/1/2016,Sunday,2487,1.779999971,1.779999971,0,0.479999989,0.620000005,0.680000007,0,9,34,50,1347,2319
9112,6775888955,12:00:00 AM,1,235,260,5/7/2016,Saturday,1967,1.409999967,1.409999967,0,0.129999995,0.239999995,1.049999952,0,2,5,49,551,1032
9166,6962181067,12:00:00 AM,1,366,387,4/13/2016,Wednesday,5652,3.74000001,3.74000001,0,0.569999993,1.210000038,1.960000038,0,8,24,142,548,1718
9169,6962181067,12:00:00 AM,1,366,387,4/16/2016,Saturday,13217,8.739999771,8.739999771,0,3.660000086,0.189999998,4.880000114,0,50,3,280,741,2173
9173,6962181067,12:00:00 AM,1,366,387,4/20/2016,Wednesday,13928,9.550000191,9.550000191,0,4.28000021,0.189999998,5.090000153,0,48,4,297,639,2174
9175,6962181067,12:00:00 AM,1,366,387,4/22/2016,Friday,10725,7.090000153,7.090000153,0,1.769999981,1.549999952,3.769999981,0,30,33,240,659,2086
9177,6962181067,12:00:00 AM,1,366,387,4/24/2016,Sunday,5029,3.319999933,3.319999933,0,0,0,3.319999933,0,0,0,199,720,1705
9178,6962181067,12:00:00 AM,1,366,387,4/25/2016,Monday,13239,9.270000458,9.079999924,3,3.019999981,1.679999948,4.460000038,0,35,31,282,637,2194
9179,6962181067,12:00:00 AM,1,366,387,4/26/2016,Tuesday,10433,6.900000095,6.900000095,0,2.579999924,0.419999987,3.900000095,0,36,7,254,680,2012
9181,6962181067,12:00:00 AM,1,366,387,4/28/2016,Thursday,12627,8.350000381,8.350000381,0,2.50999999,0.239999995,5.590000153,0,38,8,288,621,2182
9184,6962181067,12:00:00 AM,1,366,387,5/1/2016,Sunday,5454,3.609999895,3.609999895,0,0,0,3.609999895,0,0,0,215,722,1740
9185,6962181067,12:00:00 AM,1,366,387,5/2/2016,Monday,12912,8.539999962,8.539999962,0,1.200000048,2,5.340000153,0,18,39,313,655,2162
9190,6962181067,12:00:00 AM,1,366,387,5/7/2016,Saturday,6815,4.5,4.5,0,0,0,4.5,0,0,0,328,745,1947
9192,6962181067,12:00:00 AM,1,366,387,5/9/2016,Monday,12342,8.720000267,8.680000305,3,3.900000095,1.179999948,3.650000095,0,43,21,231,607,2105
9193,6962181067,12:00:00 AM,1,366,387,5/10/2016,Tuesday,15448,10.21000004,10.21000004,0,3.470000029,1.75,4.989999771,0,62,34,275,626,2361
10127,7007744171,12:00:00 AM,1,79,82,4/13/2016,Wednesday,12862,9.649999619,8.600000381,5,4.610000134,0.560000002,4.480000019,0,56,22,261,1101,2742
10128,7007744171,12:00:00 AM,1,79,82,4/14/2016,Thursday,11179,8.239999771,7.480000019,3,2.950000048,0.340000004,4.960000038,0,34,6,304,1096,2668
10129,7007744171,12:00:00 AM,1,79,82,4/15/2016,Friday,5273,3.529999971,3.529999971,0,0,0,3.529999971,0,0,0,202,1238,2098
10131,7007744171,12:00:00 AM,1,79,82,4/17/2016,Sunday,8059,5.389999866,5.389999866,0,0,0,5.389999866,0,0,0,305,1135,2383
10132,7007744171,12:00:00 AM,1,79,82,4/18/2016,Monday,14816,10.97999954,9.909999847,5,3.789999962,2.119999886,5.050000191,0,48,31,284,1077,2832
10133,7007744171,12:00:00 AM,1,79,82,4/19/2016,Tuesday,14194,10.47999954,9.5,5,4.409999847,0.75999999,5.309999943,0,53,17,304,1066,2812
10134,7007744171,12:00:00 AM,1,79,82,4/20/2016,Wednesday,15566,11.31000042,10.40999985,5,4.789999962,0.670000017,5.860000134,0,60,33,347,1000,3096
10135,7007744171,12:00:00 AM,1,79,82,4/21/2016,Thursday,13744,9.18999958,9.18999958,0,2.150000095,1.870000005,5.170000076,0,30,34,327,1049,2763
10136,7007744171,12:00:00 AM,1,79,82,4/22/2016,Friday,15299,10.23999977,10.23999977,0,4.099999905,1.75999999,4.369999886,0,64,50,261,1065,2889
10137,7007744171,12:00:00 AM,1,79,82,4/23/2016,Saturday,8093,5.409999847,5.409999847,0,0.129999995,1.129999995,4.150000095,0,2,25,223,1190,2284
10138,7007744171,12:00:00 AM,1,79,82,4/24/2016,Sunday,11085,7.420000076,7.420000076,0,0,0,7.420000076,0,0,0,419,1021,2667
10139,7007744171,12:00:00 AM,1,79,82,4/25/2016,Monday,18229,13.34000015,12.19999981,5,4.309999943,1.370000005,7.670000076,0,51,24,379,986,3055
10140,7007744171,12:00:00 AM,1,79,82,4/26/2016,Tuesday,15090,10.10000038,10.10000038,0,0.930000007,0.939999998,8.229999542,0,16,22,424,978,2939
10141,7007744171,12:00:00 AM,1,79,82,4/27/2016,Wednesday,13541,10.22000027,9.06000042,5,4.269999981,0.660000026,5.289999962,0,50,12,337,1041,2830
10142,7007744171,12:00:00 AM,1,79,82,4/28/2016,Thursday,15128,10.11999989,10.11999989,0,1.090000033,0.769999981,8.260000229,0,16,16,401,1007,2836
10143,7007744171,12:00:00 AM,1,79,82,4/29/2016,Friday,20067,14.30000019,13.42000008,5,4.309999943,2.049999952,7.949999809,0,55,42,382,961,3180
10144,7007744171,12:00:00 AM,1,79,82,4/30/2016,Saturday,3761,2.519999981,2.519999981,0,0,0,2.519999981,0,0,0,200,1240,2051
10145,7007744171,12:00:00 AM,1,79,82,5/1/2016,Sunday,5600,3.75,3.75,0,0,0,3.75,0,0,0,237,1142,2225
10146,7007744171,12:00:00 AM,1,79,82,5/2/2016,Monday,13041,9.180000305,8.720000267,3,4.639999866,0.699999988,3.829999924,0,64,14,250,1112,2642
10147,7007744171,12:00:00 AM,1,79,82,5/3/2016,Tuesday,14510,10.86999989,9.710000038,5,4.480000019,1.019999981,5.360000134,0,58,31,330,1021,2976
10149,7007744171,12:00:00 AM,1,79,82,5/5/2016,Thursday,15010,11.10000038,10.03999996,5,4.329999924,1.289999962,5.480000019,0,53,23,317,1047,2933
10181,7086361926,12:00:00 AM,1,514,525,4/15/2016,Friday,8585,5.670000076,5.670000076,0,2.039999962,1.110000014,2.529999971,0,30,21,139,864,2395
10185,7086361926,12:00:00 AM,1,514,525,4/19/2016,Tuesday,10688,7.289999962,7.289999962,0,3.529999971,1.230000019,2.50999999,0,67,69,124,671,2944
10186,7086361926,12:00:00 AM,1,514,525,4/20/2016,Wednesday,14365,10.64000034,10.64000034,0,7.639999866,0.449999988,2.539999962,0,87,13,145,797,2997
10187,7086361926,12:00:00 AM,1,514,525,4/21/2016,Thursday,9469,6.179999828,6.179999828,0,1.360000014,0.300000012,4.510000229,0,19,6,206,758,2463
10188,7086361926,12:00:00 AM,1,514,525,4/22/2016,Friday,9753,6.53000021,6.53000021,0,2.869999886,0.970000029,2.670000076,0,58,59,153,762,2846
10193,7086361926,12:00:00 AM,1,514,525,4/27/2016,Wednesday,11107,8.340000153,8.340000153,0,5.630000114,0.180000007,2.529999971,0,55,6,145,829,2693
10196,7086361926,12:00:00 AM,1,514,525,4/30/2016,Saturday,14560,9.409999847,9.409999847,0,3.119999886,1.039999962,5.239999771,0,42,17,308,584,2995
10199,7086361926,12:00:00 AM,1,514,525,5/3/2016,Tuesday,10288,6.760000229,6.760000229,0,2.74000001,0.850000024,3.160000086,0,57,36,152,761,2754
10200,7086361926,12:00:00 AM,1,514,525,5/4/2016,Wednesday,10988,8.31000042,8.31000042,0,5.28000021,0.119999997,2.900000095,0,45,12,135,843,2655
10201,7086361926,12:00:00 AM,1,514,525,5/5/2016,Thursday,8564,5.599999905,5.599999905,0,1.779999971,0.829999983,2.950000048,0,24,14,149,1253,2386
10202,7086361926,12:00:00 AM,1,514,525,5/6/2016,Friday,12461,8.380000114,8.380000114,0,3.819999933,1.429999948,3.119999886,0,84,35,154,834,2924
10205,7086361926,12:00:00 AM,1,514,525,5/9/2016,Monday,13566,9.109999657,9.109999657,0,4.260000229,1.710000038,3.119999886,0,67,50,171,743,2960
10206,7086361926,12:00:00 AM,1,514,525,5/10/2016,Tuesday,14433,10.78999996,10.78999996,0,7.110000134,1.200000048,2.450000048,0,72,23,106,1182,2800
10207,7086361926,12:00:00 AM,1,514,525,5/11/2016,Wednesday,9572,6.519999981,6.519999981,0,2.890000105,1.389999986,2.230000019,0,57,40,128,757,2735
10922,8053475328,12:00:00 AM,1,486,493,4/12/2016,Tuesday,18060,14.11999989,14.11999989,0,11.64000034,0.389999986,2.099999905,0,116,8,123,1193,3186
10923,8053475328,12:00:00 AM,1,486,493,4/13/2016,Wednesday,16433,13.35000038,13.35000038,0,10.43000031,0.469999999,2.450000048,0,95,12,156,1177,3140
10924,8053475328,12:00:00 AM,1,486,493,4/14/2016,Thursday,20159,15.97000027,15.97000027,0,12.34000015,0.209999993,3.359999895,0,119,5,193,1123,3411
10925,8053475328,12:00:00 AM,1,486,493,4/15/2016,Friday,20669,16.23999977,16.23999977,0,13.26000023,0.389999986,2.589999914,0,132,8,158,1142,3410
10926,8053475328,12:00:00 AM,1,486,493,4/16/2016,Saturday,14549,11.10999966,11.10999966,0,9.359999657,0.270000011,1.49000001,0,96,6,83,1255,2867
10927,8053475328,12:00:00 AM,1,486,493,4/17/2016,Sunday,18827,13.68999958,13.68999958,0,9.239999771,0.800000012,3.640000105,0,111,21,195,1113,3213
10928,8053475328,12:00:00 AM,1,486,493,4/18/2016,Monday,17076,12.65999985,12.65999985,0,9.079999924,0.230000004,3.349999905,0,102,6,195,1137,3133
10929,8053475328,12:00:00 AM,1,486,493,4/19/2016,Tuesday,15929,12.47999954,12.47999954,0,9.220000267,0.310000002,2.950000048,0,90,7,191,1152,3114
10930,8053475328,12:00:00 AM,1,486,493,4/20/2016,Wednesday,15108,12.18999958,12.18999958,0,9.579999924,0.230000004,2.380000114,0,89,5,158,695,3043
10931,8053475328,12:00:00 AM,1,486,493,4/21/2016,Thursday,16057,12.51000023,12.51000023,0,9.670000076,0.25,2.579999924,0,100,6,170,1164,3103
10932,8053475328,12:00:00 AM,1,486,493,4/22/2016,Friday,10520,8.289999962,8.289999962,0,6.260000229,0.150000006,1.879999995,0,60,3,117,1260,2655
10933,8053475328,12:00:00 AM,1,486,493,4/23/2016,Saturday,22359,17.19000053,17.19000053,0,12.53999996,0.629999995,4.019999981,0,125,14,223,741,3554
10934,8053475328,12:00:00 AM,1,486,493,4/24/2016,Sunday,22988,17.95000076,17.95000076,0,13.13000011,1.549999952,3.25999999,0,129,33,182,1096,3577
10935,8053475328,12:00:00 AM,1,486,493,4/25/2016,Monday,20500,15.68999958,15.68999958,0,11.36999989,0.460000008,3.859999895,0,118,9,209,1104,3403
10936,8053475328,12:00:00 AM,1,486,493,4/26/2016,Tuesday,12685,9.619999886,9.619999886,0,6.309999943,0.200000003,3.099999905,0,68,5,185,1182,2846
10937,8053475328,12:00:00 AM,1,486,493,4/27/2016,Wednesday,12422,9.819999695,9.819999695,0,6.460000038,0.430000007,2.930000067,0,60,10,183,1187,2852
10938,8053475328,12:00:00 AM,1,486,493,4/28/2016,Thursday,15447,12.39999962,12.39999962,0,9.670000076,0.389999986,2.349999905,0,90,9,153,1188,3062
10940,8053475328,12:00:00 AM,1,486,493,4/30/2016,Saturday,7135,5.590000153,5.590000153,0,2.99000001,0.059999999,2.539999962,0,27,1,131,1281,2408
10941,8053475328,12:00:00 AM,1,486,493,5/1/2016,Sunday,1170,0.850000024,0.850000024,0,0,0,0.850000024,0,0,0,51,1389,1886
10942,8053475328,12:00:00 AM,1,486,493,5/2/2016,Monday,1969,1.429999948,1.429999948,0,0,0,1.429999948,0,0,0,95,1345,1988
10943,8053475328,12:00:00 AM,1,486,493,5/3/2016,Tuesday,15484,11.89999962,11.89999962,0,8.390000343,0.930000007,2.589999914,0,87,22,165,1166,3023
10944,8053475328,12:00:00 AM,1,486,493,5/4/2016,Wednesday,14581,11.14999962,11.14999962,0,8.819999695,0.400000006,1.909999967,0,89,8,123,1220,2918
10945,8053475328,12:00:00 AM,1,486,493,5/5/2016,Thursday,14990,11.51000023,11.51000023,0,8.850000381,0.449999988,2.210000038,0,93,9,130,1208,2950
10946,8053475328,12:00:00 AM,1,486,493,5/6/2016,Friday,13953,11,11,0,9.100000381,0.689999998,1.210000038,0,90,15,90,1245,2859
10947,8053475328,12:00:00 AM,1,486,493,5/7/2016,Saturday,19769,15.67000008,15.67000008,0,12.43999958,0.879999995,2.349999905,0,121,20,148,1076,3331
10948,8053475328,12:00:00 AM,1,486,493,5/8/2016,Sunday,22026,17.64999962,17.64999962,0,13.39999962,0.589999974,3.660000086,0,125,14,228,1073,3589
10949,8053475328,12:00:00 AM,1,486,493,5/9/2016,Monday,12465,9.380000114,9.380000114,0,6.119999886,0.569999993,2.690000057,0,66,12,148,1214,2765
10950,8053475328,12:00:00 AM,1,486,493,5/10/2016,Tuesday,14810,11.35999966,11.35999966,0,9.090000153,0.419999987,1.850000024,0,96,10,115,1219,2926
10951,8053475328,12:00:00 AM,1,486,493,5/11/2016,Wednesday,12209,9.399999619,9.399999619,0,6.079999924,0.280000001,3.039999962,0,60,7,184,1189,2809
11017,8378563200,12:00:00 AM,1,338,356,4/14/2016,Thursday,13318,10.56000042,10.56000042,2,5.619999886,1.029999971,3.910000086,0,123,21,174,699,4163
11018,8378563200,12:00:00 AM,1,338,356,4/15/2016,Friday,14461,11.47000027,11.47000027,0,4.909999847,1.149999976,5.409999847,0,60,23,190,729,3666
11019,8378563200,12:00:00 AM,1,338,356,4/16/2016,Saturday,11207,8.890000343,8.890000343,0,5.369999886,1.070000052,2.440000057,0,64,21,142,563,3363
11020,8378563200,12:00:00 AM,1,338,356,4/17/2016,Sunday,2132,1.690000057,1.690000057,0,0,0,1.690000057,0,0,0,93,599,2572
11021,8378563200,12:00:00 AM,1,338,356,4/18/2016,Monday,13630,10.81000042,10.81000042,2,5.050000191,0.560000002,5.199999809,0,117,10,174,720,4157
11022,8378563200,12:00:00 AM,1,338,356,4/19/2016,Tuesday,13070,10.35999966,10.35999966,2,5.300000191,0.879999995,4.179999828,0,120,19,154,737,4092
11023,8378563200,12:00:00 AM,1,338,356,4/20/2016,Wednesday,9388,7.440000057,7.440000057,2,2.230000019,0.439999998,4.78000021,0,82,8,169,763,3787
11024,8378563200,12:00:00 AM,1,338,356,4/21/2016,Thursday,15148,12.01000023,12.01000023,2,6.900000095,0.819999993,4.289999962,0,137,16,145,677,4236
11025,8378563200,12:00:00 AM,1,338,356,4/22/2016,Friday,12200,9.670000076,9.670000076,2,4.909999847,0.589999974,4.179999828,0,113,12,159,769,4044
11026,8378563200,12:00:00 AM,1,338,356,4/23/2016,Saturday,5709,4.53000021,4.53000021,0,1.519999981,0.519999981,2.480000019,0,19,10,136,740,2908
11027,8378563200,12:00:00 AM,1,338,356,4/24/2016,Sunday,3703,2.940000057,2.940000057,0,0,0,2.940000057,0,0,0,135,734,2741
11028,8378563200,12:00:00 AM,1,338,356,4/25/2016,Monday,12405,9.840000153,9.840000153,2,5.050000191,0.870000005,3.920000076,0,117,16,141,692,4005
11029,8378563200,12:00:00 AM,1,338,356,4/26/2016,Tuesday,16208,12.85000038,12.85000038,0,7.510000229,0.920000017,4.420000076,0,90,18,161,593,3763
11030,8378563200,12:00:00 AM,1,338,356,4/27/2016,Wednesday,7359,5.840000153,5.840000153,0,0.330000013,0.180000007,5.329999924,0,4,4,192,676,3061
11031,8378563200,12:00:00 AM,1,338,356,4/28/2016,Thursday,5417,4.300000191,4.300000191,0,0.899999976,0.49000001,2.910000086,0,11,10,139,711,2884
11033,8378563200,12:00:00 AM,1,338,356,4/30/2016,Saturday,2946,2.339999914,2.339999914,0,0,0,2.339999914,0,0,0,121,780,2660
11034,8378563200,12:00:00 AM,1,338,356,5/1/2016,Sunday,11419,9.06000042,9.06000042,0,6.03000021,0.560000002,2.470000029,0,71,10,127,669,3369
11035,8378563200,12:00:00 AM,1,338,356,5/2/2016,Monday,6064,4.809999943,4.809999943,2,0.629999995,0.170000002,4.010000229,0,63,4,142,802,3491
11036,8378563200,12:00:00 AM,1,338,356,5/3/2016,Tuesday,8712,6.909999847,6.909999847,2,1.340000033,1.059999943,4.5,0,71,20,195,822,3784
11038,8378563200,12:00:00 AM,1,338,356,5/5/2016,Thursday,8567,6.789999962,6.789999962,2,0.889999986,0.159999996,5.739999771,0,66,3,214,764,3783
11041,8378563200,12:00:00 AM,1,338,356,5/8/2016,Sunday,2943,2.329999924,2.329999924,0,0,0,2.329999924,0,0,0,139,621,2685
11044,8378563200,12:00:00 AM,1,338,356,5/11/2016,Wednesday,9143,7.25,7.25,2,1.389999986,0.589999974,5.269999981,0,72,10,184,763,3788
12007,8792009665,12:00:00 AM,1,458,493,4/12/2016,Tuesday,2564,1.639999986,1.639999986,0,0,0,1.639999986,0,0,0,116,831,2044
12010,8792009665,12:00:00 AM,1,458,493,4/15/2016,Friday,2483,1.590000033,1.590000033,0,0,0,1.590000033,0,0,0,126,937,2009
12015,8792009665,12:00:00 AM,1,458,493,4/20/2016,Wednesday,3147,2.00999999,2.00999999,0,0,0.280000001,1.74000001,0,0,10,139,744,2188
12016,8792009665,12:00:00 AM,1,458,493,4/21/2016,Thursday,144,0.090000004,0.090000004,0,0,0,0.090000004,0,0,0,9,1431,1720
12019,8792009665,12:00:00 AM,1,458,493,4/24/2016,Sunday,400,0.25999999,0.25999999,0,0.039999999,0.050000001,0.159999996,0,3,8,19,1410,1799
12022,8792009665,12:00:00 AM,1,458,493,4/27/2016,Wednesday,1758,1.129999995,1.129999995,0,0,0,1.129999995,0,0,0,112,900,2067
12023,8792009665,12:00:00 AM,1,458,493,4/28/2016,Thursday,6157,3.940000057,3.940000057,0,0,0,3.940000057,0,0,0,310,714,2780
12025,8792009665,12:00:00 AM,1,458,493,4/30/2016,Saturday,7174,4.590000153,4.590000153,0,0.330000013,0.360000014,3.910000086,0,10,20,301,749,2896
12027,8792009665,12:00:00 AM,1,458,493,5/2/2016,Monday,1831,1.169999957,1.169999957,0,0,0,1.169999957,0,0,0,101,916,2015
12029,8792009665,12:00:00 AM,1,458,493,5/4/2016,Wednesday,2283,1.460000038,1.460000038,0,0,0,1.460000038,0,0,0,129,848,2067
